symbol,Date,Open,High,Low,Close,Volume,Market Cap
OMG,2018-02-20,17.72,20.2,17.71,18.4,"109,202,000",1808000000.00
OMG,2018-02-19,16.49,18.37,16.32,17.69,"54,814,700",1682870000.00
OMG,2018-02-18,18.32,18.41,16.35,16.66,"42,287,800",1869770000.00
OMG,2018-02-17,18.17,18.64,17.69,18.29,"59,295,600",1853770000.00
OMG,2018-02-16,16.67,18.23,16.03,18.17,"81,337,500",1701370000.00
OMG,2018-02-15,15.63,16.71,14.99,16.67,"54,142,700",1594790000.00
OMG,2018-02-14,12.97,15.72,12.97,15.66,"91,650,800",1323570000.00
OMG,2018-02-13,12.88,13.06,12.31,12.99,"23,326,000",1314360000.00
OMG,2018-02-12,11.95,13,11.93,12.84,"24,588,600",1219240000.00
OMG,2018-02-11,12.54,12.67,11.06,11.86,"29,981,600",1279750000.00
OMG,2018-02-10,13.2,13.88,11.93,12.51,"43,385,500",1346830000.00
OMG,2018-02-09,12.21,13.21,11.56,13.2,"41,973,800",1246080000.00
OMG,2018-02-08,10.88,12.26,10.88,11.89,"31,563,700",1110480000.00
OMG,2018-02-07,11.32,12.55,10.17,10.9,"36,639,600",1155150000.00
OMG,2018-02-06,9.31,11.39,7.39,11.37,"56,968,000",949742000.00
OMG,2018-02-05,11.92,12.68,8.75,9.27,"45,236,500",1216630000.00
OMG,2018-02-04,14.09,14.16,11.72,12.06,"36,225,800",1437590000.00
OMG,2018-02-03,13.35,14.3,12.2,14.05,"31,593,400",1362480000.00
OMG,2018-02-02,13.97,13.97,10.54,13.25,"62,454,300",1425460000.00
OMG,2018-02-01,15.85,15.95,13.25,13.99,"60,157,800",1617380000.00
OMG,2018-01-31,14.9,15.85,14.16,15.74,"71,504,300",1520480000.00
OMG,2018-01-30,16.89,17.86,14.67,14.92,"96,893,300",1723530000.00
OMG,2018-01-29,17.15,17.35,16.04,16.91,"46,635,600",1750090000.00
OMG,2018-01-28,16.06,17.29,15.77,17.09,"83,798,900",1638530000.00
OMG,2018-01-27,16.6,16.77,15.79,15.98,"99,130,000",1693910000.00
OMG,2018-01-26,17.93,18.58,14.93,16.58,"145,709,000",1829140000.00
OMG,2018-01-25,18.05,19.12,16.67,17.96,"79,337,500",1841760000.00
OMG,2018-01-24,16.05,18.5,15.48,17.85,"72,241,700",1637570000.00
OMG,2018-01-23,15.66,16.62,14.3,16.05,"58,931,400",1597700000.00
OMG,2018-01-22,17.14,17.96,14.22,15.66,"70,101,200",1748670000.00
OMG,2018-01-21,19.74,19.74,16.41,16.97,"55,861,100",2013840000.00
OMG,2018-01-20,18.63,19.95,18.63,19.71,"89,103,800",1901100000.00
OMG,2018-01-19,17.62,18.94,17.08,18.43,"72,477,800",1798360000.00
OMG,2018-01-18,18.23,19.45,17.16,17.73,"87,971,600",1860280000.00
OMG,2018-01-17,17.3,18.91,12.41,18.06,"114,904,000",1765470000.00
OMG,2018-01-16,22.5,22.5,13.91,17.38,"132,224,000",2296440000.00
OMG,2018-01-15,23.7,24.62,22.46,22.46,"91,802,400",2418190000.00
OMG,2018-01-14,25.72,25.81,22.24,23.83,"74,017,300",2624620000.00
OMG,2018-01-13,22.83,26.07,22.66,25.72,"120,921,000",2329570000.00
OMG,2018-01-12,21.7,23.18,20.85,22.84,"83,835,500",2214090000.00
OMG,2018-01-11,23.46,23.82,19.34,21.66,"122,602,000",2393480000.00
OMG,2018-01-10,25.4,25.4,21.9,23.35,"137,934,000",2591750000.00
OMG,2018-01-09,23.84,26.11,22.92,25.29,"191,509,000",2432850000.00
OMG,2018-01-08,24.39,28.35,20.69,23.89,"382,895,000",2489290000.00
OMG,2018-01-07,19.31,24.41,19.28,24.41,"250,609,000",1970170000.00
OMG,2018-01-06,18.7,19.76,18.12,19.31,"99,421,600",1908510000.00
OMG,2018-01-05,19.81,20.4,18.12,18.69,"138,393,000",2021050000.00
OMG,2018-01-04,20.6,21.94,19.63,19.93,"150,260,000",2101860000.00
OMG,2018-01-03,20.15,20.98,19.07,20.54,"139,039,000",2055970000.00
OMG,2018-01-02,19.34,22.24,18.73,20.3,"229,553,000",1973980000.00
OMG,2018-01-01,19.6,20.99,18.25,19.33,"166,860,000",1999550000.00
OMG,2017-12-31,16.01,21.61,15.46,19.89,"349,531,000",1634170000.00
OMG,2017-12-30,15.95,16.57,13.02,16.57,"124,915,000",1627310000.00
OMG,2017-12-29,15.16,16.71,14.54,16.02,"121,258,000",1547150000.00
OMG,2017-12-28,15,15.17,13.03,15.09,"69,410,700",1530370000.00
OMG,2017-12-27,15.25,15.78,14.22,15.04,"65,350,300",1555920000.00
OMG,2017-12-26,15.6,16.2,14.57,15.24,"89,081,800",1591610000.00
OMG,2017-12-25,14.54,15.69,14.12,15.64,"91,485,300",1483620000.00
OMG,2017-12-24,14.53,14.53,11.84,14.35,"87,459,300",1482550000.00
OMG,2017-12-23,13.16,15.75,12.84,14.41,"106,232,000",1342480000.00
OMG,2017-12-22,17.53,17.53,9.67,12.88,"210,269,000",1789150000.00
OMG,2017-12-21,17.87,18.84,16.12,17.12,"127,590,000",1823820000.00
OMG,2017-12-20,18.19,19.18,15.88,17.79,"178,069,000",1856030000.00
OMG,2017-12-19,18.5,21.51,17.12,18.14,"247,996,000",1887880000.00
OMG,2017-12-18,16.2,18.58,14.81,18.5,"216,024,000",1653590000.00
OMG,2017-12-17,14.19,17.44,13.97,15.62,"197,259,000",1447690000.00
OMG,2017-12-16,11.84,14.97,11.84,14.27,"316,999,000",1207840000.00
OMG,2017-12-15,11.45,11.72,10.03,11.72,"77,923,700",1168260000.00
OMG,2017-12-14,10.7,11.74,10.32,11.44,"95,547,300",1091600000.00
OMG,2017-12-13,10.36,11.55,9.66,10.71,"110,463,000",1056770000.00
OMG,2017-12-12,9.07,10.5,8.83,10.38,"116,442,000",926009000.00
OMG,2017-12-11,7.95,9.36,7.95,9.01,"47,554,300",811623000.00
OMG,2017-12-10,8.59,8.59,7.76,7.95,"34,660,500",877014000.00
OMG,2017-12-09,8.43,9.22,8.31,8.58,"41,798,400",860261000.00
OMG,2017-12-08,7.88,8.73,7.58,8.45,"54,457,900",804182000.00
OMG,2017-12-07,8.62,9.01,7.84,7.85,"54,413,600",879842000.00
OMG,2017-12-06,10.11,10.11,8.52,8.64,"64,531,900",1031440000.00
OMG,2017-12-05,10.41,10.47,9.85,10.08,"63,711,700",1062170000.00
OMG,2017-12-04,9.42,10.51,9.14,10.51,"51,229,800",961222000.00
OMG,2017-12-03,9.3,10.07,8.93,9.43,"53,617,600",949255000.00
OMG,2017-12-02,8.88,9.71,8.66,9.31,"49,352,400",905896000.00
OMG,2017-12-01,8.12,8.98,7.83,8.9,"45,778,600",828272000.00
OMG,2017-11-30,7.95,8.6,7.29,8.13,"46,661,000",811384000.00
OMG,2017-11-29,9.42,9.42,7.29,7.95,"68,267,600",961128000.00
OMG,2017-11-28,9.48,9.94,9.05,9.39,"60,471,100",967855000.00
OMG,2017-11-27,8.52,9.49,8.52,9.49,"54,701,200",869721000.00
OMG,2017-11-26,8.74,8.74,8.25,8.49,"35,970,800",891835000.00
OMG,2017-11-25,7.6,8.95,7.6,8.72,"68,154,900",775940000.00
OMG,2017-11-24,7.7,7.74,7.44,7.61,"25,535,100",785544000.00
OMG,2017-11-23,7.98,8.17,7.72,7.72,"29,220,900",814275000.00
OMG,2017-11-22,7.68,7.94,7.62,7.94,"23,540,600",783236000.00
OMG,2017-11-21,8.08,8.08,7.55,7.65,"28,377,000",824262000.00
OMG,2017-11-20,7.8,8.18,7.8,8.03,"25,838,900",795924000.00
OMG,2017-11-19,7.93,8.23,7.64,7.82,"27,424,000",809283000.00
OMG,2017-11-18,7.69,8.62,7.42,7.95,"61,839,300",784918000.00
OMG,2017-11-17,7.13,7.74,7.08,7.58,"28,740,500",727192000.00
OMG,2017-11-16,7.72,7.72,7.1,7.16,"25,723,800",787988000.00
OMG,2017-11-15,7.87,8.04,7.31,7.72,"29,403,800",803044000.00
OMG,2017-11-14,7.55,7.89,7.27,7.84,"25,075,600",770372000.00
OMG,2017-11-13,6.6,7.7,6.6,7.57,"45,628,000",673886000.00
OMG,2017-11-12,7.29,7.32,6.14,6.59,"40,913,300",743945000.00
OMG,2017-11-11,6.99,7.54,6.88,7.3,"26,845,400",713386000.00
OMG,2017-11-10,8.04,8.09,6.78,7.01,"43,885,700",820786000.00
OMG,2017-11-09,7.67,8.44,7.57,8.03,"53,112,900",782537000.00
OMG,2017-11-08,6.34,8.36,6.33,7.7,"83,658,200",646493000.00
OMG,2017-11-07,6.52,6.67,6.16,6.33,"17,428,900",665398000.00
OMG,2017-11-06,6.28,6.68,6.22,6.48,"21,223,900",617414000.00
OMG,2017-11-05,6.44,6.49,6.17,6.29,"12,819,400",633214000.00
OMG,2017-11-04,6.72,6.77,6.38,6.45,"16,963,100",660838000.00
OMG,2017-11-03,6.23,6.78,6.15,6.73,"27,548,300",612383000.00
OMG,2017-11-02,6.05,6.67,5.55,6.23,"55,264,500",594839000.00
OMG,2017-11-01,6.83,6.96,6.05,6.05,"37,953,700",671068000.00
OMG,2017-10-31,7.23,7.29,6.84,6.84,"21,797,300",710488000.00
OMG,2017-10-30,7.28,7.4,7.13,7.25,"14,224,900",715973000.00
OMG,2017-10-29,7.16,7.44,7.15,7.3,"18,076,000",703486000.00
OMG,2017-10-28,7.49,7.54,7.17,7.18,"17,242,600",736331000.00
OMG,2017-10-27,7.65,8.12,7.42,7.46,"28,704,900",751745000.00
OMG,2017-10-26,7.66,7.8,7.48,7.65,"19,134,300",752636000.00
OMG,2017-10-25,8.12,8.14,7.56,7.62,"20,363,000",798130000.00
OMG,2017-10-24,7.59,8.7,7.38,8.13,"54,151,300",746181000.00
OMG,2017-10-23,7.65,7.66,7.12,7.61,"17,684,200",752139000.00
OMG,2017-10-22,7.37,7.78,7.36,7.67,"19,588,000",724177000.00
OMG,2017-10-21,7.31,7.46,6.99,7.37,"19,448,800",718401000.00
OMG,2017-10-20,7.9,7.91,7.29,7.31,"20,554,400",776825000.00
OMG,2017-10-19,7.82,8.08,7.68,7.92,"14,064,200",769045000.00
OMG,2017-10-18,7.97,8.08,7.66,7.84,"20,915,200",783502000.00
OMG,2017-10-17,7.86,8.24,7.69,7.99,"23,177,500",772486000.00
OMG,2017-10-16,8,8.1,7.6,7.85,"19,951,300",786681000.00
OMG,2017-10-15,8.03,8.24,7.67,7.97,"23,508,300",789379000.00
OMG,2017-10-14,8.31,8.38,7.99,8.03,"20,284,600",816802000.00
OMG,2017-10-13,8.19,8.68,7.98,8.3,"33,908,900",805549000.00
OMG,2017-10-12,9.26,9.53,8.18,8.2,"49,996,900",910544000.00
OMG,2017-10-11,8.12,9.42,8.12,9.26,"57,741,200",798713000.00
OMG,2017-10-10,7.49,8.39,7.28,8.09,"27,542,200",736231000.00
OMG,2017-10-09,7.78,8.1,7.03,7.5,"34,823,600",765067000.00
OMG,2017-10-08,8.54,8.61,7.62,7.7,"27,120,900",839543000.00
OMG,2017-10-07,8.66,8.69,8.14,8.54,"18,207,700",851803000.00
OMG,2017-10-06,8.82,8.89,8.49,8.66,"13,957,500",866972000.00
OMG,2017-10-05,8.67,8.97,8.23,8.8,"19,715,100",852239000.00
OMG,2017-10-04,9.26,9.27,8.6,8.66,"19,933,100",909963000.00
OMG,2017-10-03,9.19,9.27,8.53,9.24,"35,595,500",903903000.00
OMG,2017-10-02,9.82,9.99,9.07,9.2,"36,673,900",965225000.00
OMG,2017-10-01,10.11,10.15,9.57,9.82,"21,494,500",994233000.00
OMG,2017-09-30,9.74,10.27,9.68,10.12,"26,871,400",957899000.00
OMG,2017-09-29,10.47,10.58,9.19,9.75,"51,306,900",1029050000.00
OMG,2017-09-28,10.35,11.48,10.07,10.49,"66,693,200",1017090000.00
OMG,2017-09-27,9.78,10.52,9.77,10.34,"38,915,800",961863000.00
OMG,2017-09-26,10.01,10.27,9.69,9.76,"26,920,700",984356000.00
OMG,2017-09-25,8.66,10.38,8.63,10,"59,857,600",851863000.00
OMG,2017-09-24,9.01,9.12,8.53,8.66,"19,730,500",885388000.00
OMG,2017-09-23,8.66,9.36,8.43,9.03,"28,436,100",851587000.00
OMG,2017-09-22,8.13,8.96,7.93,8.65,"42,277,500",799239000.00
OMG,2017-09-21,9.12,9.39,7.75,8.12,"51,911,500",897056000.00
OMG,2017-09-20,9.92,9.95,9.11,9.11,"36,072,700",975691000.00
OMG,2017-09-19,11,11.03,9.68,9.92,"38,392,200",1081420000.00
OMG,2017-09-18,9.88,11.34,9.88,10.98,"54,086,300",971499000.00
OMG,2017-09-17,9.9,10.31,8.98,9.87,"40,154,600",973696000.00
OMG,2017-09-16,9.96,10.65,9.34,9.93,"66,155,100",979204000.00
OMG,2017-09-15,8.13,10.39,6.57,9.95,"156,528,000",798813000.00
OMG,2017-09-14,10.58,11.06,7.67,8.08,"95,558,500",1040220000.00
OMG,2017-09-13,11.68,11.7,9.55,10.61,"85,896,500",1148450000.00
OMG,2017-09-12,11.37,13.45,11.21,11.59,"130,591,000",1117370000.00
OMG,2017-09-11,11.42,11.98,11.09,11.33,"37,733,800",1122960000.00
OMG,2017-09-10,12.29,12.29,10.76,11.4,"53,265,800",1207860000.00
OMG,2017-09-09,11.38,12.22,10.88,12.22,"63,245,300",1118990000.00
OMG,2017-09-08,12.91,13.39,10.66,11.45,"99,091,800",1268790000.00
OMG,2017-09-07,11.65,13.53,10.77,12.87,"153,192,000",1145440000.00
OMG,2017-09-06,10.96,11.79,10.49,11.64,"95,001,000",1077300000.00
OMG,2017-09-05,8.68,11.28,7.6,10.98,"111,430,000",852870000.00
OMG,2017-09-04,10.55,10.55,7.31,8.78,"159,979,000",1037440000.00
OMG,2017-09-03,10.79,11.37,9.64,10.57,"68,616,800",1060760000.00
OMG,2017-09-02,11.99,11.99,9.96,10.8,"93,561,000",1178610000.00
OMG,2017-09-01,11.73,12.52,11.63,11.97,"91,962,400",1153390000.00
OMG,2017-08-31,11.17,12.08,10.78,11.74,"89,710,200",1098470000.00
OMG,2017-08-30,9.49,11.67,9.3,11.07,"194,613,000",932958000.00
OMG,2017-08-29,8.58,9.62,8.45,9.46,"86,155,000",843249000.00
OMG,2017-08-28,8.33,8.93,8.15,8.59,"52,390,300",819005000.00
OMG,2017-08-27,8.29,8.37,8.03,8.33,"22,915,000",815412000.00
OMG,2017-08-26,8.26,8.33,7.85,8.28,"25,661,900",812289000.00
OMG,2017-08-25,8.38,8.46,8.04,8.27,"24,205,300",823620000.00
OMG,2017-08-24,8.2,8.39,7.97,8.37,"31,284,200",806267000.00
OMG,2017-08-23,7.61,8.66,7.58,8.24,"64,455,600",748515000.00
OMG,2017-08-22,7.67,7.76,6.96,7.62,"41,423,400",753880000.00
OMG,2017-08-21,8.45,8.6,7.34,7.67,"71,569,400",830536000.00
OMG,2017-08-20,7.76,8.84,7.17,8.44,"74,687,700",762542000.00
OMG,2017-08-19,7.31,7.93,6.42,7.8,"70,997,400",718510000.00
OMG,2017-08-18,8.4,8.45,6.32,7.34,"104,224,000",825591000.00
OMG,2017-08-17,8.89,9.47,8.29,8.4,"131,488,000",873548000.00
OMG,2017-08-16,6.67,9.02,6.67,8.87,"204,580,000",655537000.00
OMG,2017-08-15,6.94,7.05,6.16,6.69,"67,045,700",682506000.00
OMG,2017-08-14,6.88,7.38,6.25,7.02,"85,191,300",676804000.00
OMG,2017-08-13,6.18,7.53,5.36,6.94,"128,909,000",607772000.00
OMG,2017-08-12,7.2,7.4,5.83,6.19,"87,590,300",707779000.00
OMG,2017-08-11,5.96,7.81,5.41,7.23,"200,287,000",586021000.00
OMG,2017-08-10,3.41,6.36,3.38,5.93,"234,693,000",335183000.00
OMG,2017-08-09,3.62,3.68,3.26,3.45,"24,783,900",355440000.00
OMG,2017-08-08,3.15,3.76,3.07,3.61,"49,778,700",309766000.00
OMG,2017-08-07,2.7,3.25,2.63,3.15,"34,417,900",265138000.00
OMG,2017-08-06,3.62,3.62,2.59,2.75,"39,669,900",356183000.00
OMG,2017-08-05,2.79,3.73,2.74,3.61,"95,593,700",274109000.00
OMG,2017-08-04,1.95,2.79,1.94,2.76,"44,051,500",192003000.00
OMG,2017-08-03,1.38,2.03,1.37,1.96,"18,348,800",135528000.00
OMG,2017-08-02,1.34,1.39,1.29,1.38,"3,708,080",131707000.00
OMG,2017-08-01,1.22,1.37,1.18,1.33,"4,360,060",120415000.00
OMG,2017-07-31,1.2,1.26,1.17,1.23,"2,153,100",118309000.00
OMG,2017-07-30,1.27,1.31,1.19,1.21,"1,749,290",124645000.00
OMG,2017-07-29,1.19,1.29,1.11,1.28,"2,651,230",116968000.00
OMG,2017-07-28,1.38,1.39,1.12,1.19,"5,438,700",135475000.00
OMG,2017-07-27,1.21,1.41,1.2,1.38,"5,379,280",118718000.00
OMG,2017-07-26,1.23,1.29,1.1,1.21,"4,740,910",121110000.00
OMG,2017-07-25,1.53,1.55,1.12,1.23,"8,132,390",150667000.00
OMG,2017-07-24,1.51,1.61,1.31,1.52,"12,526,000",148581000.00
OMG,2017-07-23,0.878973,1.59,0.850754,1.53,"15,198,100",86413600.00
OMG,2017-07-22,0.742038,0.886832,0.739422,0.878662,"3,596,130",72951200.00
OMG,2017-07-21,0.669754,0.786582,0.632858,0.753032,"2,140,420",65844800.00
OMG,2017-07-20,0.596119,0.717632,0.596119,0.659447,"3,376,440",58605700.00
OMG,2017-07-19,0.75929,0.797288,0.568905,0.583911,"4,236,020",74647300.00
OMG,2017-07-18,0.574224,0.894874,0.565539,0.759819,"8,394,650",56453100.00
OMG,2017-07-17,0.381684,0.598633,0.379345,0.582786,"4,273,090",37524100.00
OMG,2017-07-16,0.431081,0.494342,0.319695,0.384906,"1,743,630",42380400.00
OMG,2017-07-15,0.586446,0.652156,0.433351,0.433351,"1,552,730",-
OMG,2017-07-14,0.534731,0.775406,0.500232,0.58248,"750,698",-
NMR,2018-02-20,24.47,29.84,23.59,23.84,"1,697,590","31,586,100"
NMR,2018-02-19,20.37,27.24,20.28,24.42,"1,940,870","26,292,900"
NMR,2018-02-18,22.69,23.78,20.43,20.43,"145,246","29,298,400"
NMR,2018-02-17,21.24,23.32,20.99,23.25,"212,041","27,463,300"
NMR,2018-02-16,22.06,22.68,20.55,21.25,"106,464","28,525,200"
NMR,2018-02-15,22.04,23.17,21.13,22.16,"186,324","28,493,800"
NMR,2018-02-14,20.37,22.31,19.81,22.1,"382,246","26,338,300"
NMR,2018-02-13,21.73,22.22,20.18,20.18,"284,117","28,094,400"
NMR,2018-02-12,18.43,24.17,17.81,21.98,"1,239,570","23,825,800"
NMR,2018-02-11,19.85,20.74,16.24,18.31,"596,317","25,660,900"
NMR,2018-02-10,16.17,21.7,15.41,19.39,"1,233,990","20,936,000"
NMR,2018-02-09,15.57,16.65,14.43,16.16,"243,876","20,163,900"
NMR,2018-02-08,15.49,16.81,15.39,15.53,"259,982","20,063,700"
NMR,2018-02-07,15.02,18.17,14.15,15.84,"256,991","19,444,500"
NMR,2018-02-06,13.37,15.49,11.71,15.15,"450,845","17,313,100"
NMR,2018-02-05,15.65,15.95,12.8,13.35,"198,028","20,267,000"
NMR,2018-02-04,20.01,20.01,14.92,15.8,"195,834","25,913,800"
NMR,2018-02-03,17.98,21,16.89,19.95,"541,258","23,299,200"
NMR,2018-02-02,18.96,19.13,13.82,17.77,"616,822","24,571,300"
NMR,2018-02-01,21.65,23.33,17.69,19.01,"462,444","28,049,100"
NMR,2018-01-31,22.45,22.86,21.17,21.6,"331,054","29,089,000"
NMR,2018-01-30,26.89,29.73,21.97,22.64,"1,308,300","34,838,200"
NMR,2018-01-29,29.62,29.72,26.55,26.88,"244,029","38,386,000"
NMR,2018-01-28,28.89,30.4,27.57,29.65,"653,506","37,431,100"
NMR,2018-01-27,26.56,32.78,25.18,28.68,"2,537,640","34,417,900"
NMR,2018-01-26,27.79,28.39,25.32,26.59,"225,736","36,013,400"
NMR,2018-01-25,28.87,29.91,25.87,27.87,"390,559","37,406,300"
NMR,2018-01-24,27.11,30.32,26.12,28.27,"537,748","35,126,400"
NMR,2018-01-23,27.43,28.75,24.66,27.12,"341,714","35,551,000"
NMR,2018-01-22,27.34,30.37,25.5,27.4,"729,378","35,425,300"
NMR,2018-01-21,34.62,38.42,26.66,27.54,"2,894,980","44,860,700"
NMR,2018-01-20,33.88,36.08,32.67,34.45,"849,290","43,914,600"
NMR,2018-01-19,32.79,35.52,29.57,33.52,"1,317,430","42,495,100"
NMR,2018-01-18,28.88,35.51,25.6,32.91,"1,528,400","37,435,400"
NMR,2018-01-17,28.75,30.11,20.94,28.58,"751,546","37,264,000"
NMR,2018-01-16,39.08,39.08,22.02,28.97,"1,565,370","50,652,900"
NMR,2018-01-15,45.46,52.25,39.06,39.06,"3,260,030","58,921,900"
NMR,2018-01-14,53.12,53.12,43.16,46.15,"1,069,050","68,852,000"
NMR,2018-01-13,42.46,53.19,41.71,52.16,"1,651,270","55,032,100"
NMR,2018-01-12,42.14,45.89,39.06,44.02,"1,037,880","54,626,300"
NMR,2018-01-11,48.55,49.64,37.92,41.8,"1,909,610","62,930,100"
NMR,2018-01-10,47.04,56.37,43.35,49,"6,762,780","60,977,000"
NMR,2018-01-09,47.51,49.85,43.21,45.17,"2,434,220","61,581,600"
NMR,2018-01-08,40.86,59.53,38.48,48.65,"13,689,600","52,961,300"
NMR,2018-01-07,32.33,41.86,31.5,41.86,"3,964,570","41,899,500"
NMR,2018-01-06,31.69,33.53,29.52,32.35,"1,994,520","41,084,800"
NMR,2018-01-05,36.08,37.62,30.56,31.55,"2,973,030","46,783,100"
NMR,2018-01-04,38.19,38.82,35.32,37.48,"1,969,820","49,512,100"
NMR,2018-01-03,37.72,39.74,34.33,37.99,"1,963,410","48,902,300"
NMR,2018-01-02,40.96,44.06,34.64,37.62,"4,444,740","53,113,700"
NMR,2018-01-01,33.81,42.49,31.47,39.87,"3,185,660","43,841,700"
NMR,2017-12-31,27.98,35.06,26.98,32.97,"1,772,510","36,283,600"
NMR,2017-12-30,33.08,33.08,25.42,28.77,"980,391","42,897,600"
NMR,2017-12-29,36.74,36.99,31.45,33.16,"2,701,510","47,638,900"
NMR,2017-12-28,34.34,36.17,28.62,34.2,"2,654,990","44,524,700"
NMR,2017-12-27,32.13,39.17,31.58,34.53,"4,108,750","41,663,800"
NMR,2017-12-26,34.28,36.04,28.5,32.02,"3,065,750","44,451,500"
NMR,2017-12-25,27.77,41.01,27.77,34.46,"11,398,800","36,009,700"
NMR,2017-12-24,25.59,28.42,22.61,27.53,"1,676,120","33,177,300"
NMR,2017-12-23,23.31,28.68,21.96,26.01,"1,496,370","30,223,600"
NMR,2017-12-22,30.02,30.82,17.18,23.06,"1,415,950","38,927,400"
NMR,2017-12-21,27.35,36.12,26.6,29.76,"4,075,520","35,462,600"
NMR,2017-12-20,27.47,29,23,27.22,"1,732,090","35,621,800"
NMR,2017-12-19,28.94,33.23,25.92,27.53,"3,686,380","37,522,100"
NMR,2017-12-18,26.19,31.58,25.3,28.88,"2,334,750","33,959,900"
NMR,2017-12-17,23.97,27.38,23.78,26.06,"1,560,870","31,079,100"
NMR,2017-12-16,23.79,25.1,22.52,23.96,"659,992","30,852,500"
NMR,2017-12-15,22.78,24.07,20.94,23.26,"792,173","29,541,800"
NMR,2017-12-14,23.21,25.11,21.88,22.72,"1,160,180","30,100,200"
NMR,2017-12-13,23.79,24.14,21.63,23.06,"767,783","30,847,100"
NMR,2017-12-12,23.06,24.54,21.5,23.77,"875,810","29,904,200"
NMR,2017-12-11,22.38,25.3,21.94,23.09,"446,697","29,020,900"
NMR,2017-12-10,22.84,24.12,20.85,22.53,"566,956","29,620,600"
NMR,2017-12-09,20.55,27.71,20.32,23.6,"1,498,680","26,655,100"
NMR,2017-12-08,21.11,21.88,17.72,20.91,"631,112","27,378,500"
NMR,2017-12-07,21.07,26,19.26,21.06,"2,525,910","27,317,200"
NMR,2017-12-06,25.75,26.14,19.98,21.04,"1,638,700","33,385,700"
NMR,2017-12-05,28.12,30.6,25.37,25.78,"1,661,810","36,473,800"
NMR,2017-12-04,26.08,30.24,24.02,28.07,"1,829,210","33,832,200"
NMR,2017-12-03,28.08,28.12,23.98,26.44,"1,014,340","36,427,600"
NMR,2017-12-02,31.14,31.14,25.49,28.06,"2,238,660","40,394,400"
NMR,2017-12-01,28.98,36.66,28.19,31.17,"5,357,520","37,590,700"
NMR,2017-11-30,18.58,35.35,18.29,28.74,"12,740,600","24,102,300"
NMR,2017-11-29,15.06,43.82,14.81,18.58,"15,692,200","19,532,600"
NMR,2017-11-28,15.74,16.45,14.19,15.27,"268,716","20,425,900"
NMR,2017-11-27,15.87,17.31,14.96,15.7,"230,823","19,800,900"
NMR,2017-11-26,15.02,17.29,14.26,15.87,"765,795","18,744,000"
NMR,2017-11-25,13.22,19.62,12.55,15.03,"2,402,960","16,487,800"
NMR,2017-11-24,12.89,14.7,11.69,13.24,"463,045","16,085,600"
NMR,2017-11-23,12.66,13.45,12.27,12.92,"142,849","15,800,400"
NMR,2017-11-22,11.75,12.87,11.49,12.67,"88,340","14,664,700"
NMR,2017-11-21,11.34,12.28,11.34,11.73,"101,439","14,159,400"
NMR,2017-11-20,11.69,11.96,10.8,11.34,"95,402","14,590,200"
NMR,2017-11-19,10.98,11.92,10.78,11.69,"76,904","13,708,600"
NMR,2017-11-18,10.82,11.79,10.28,10.84,"82,896","13,516,000"
NMR,2017-11-17,11.28,12.61,10.46,10.86,"75,965","14,090,200"
NMR,2017-11-16,12.2,12.2,10.98,11.32,"77,997","15,226,700"
NMR,2017-11-15,11.17,12.34,11.17,12.14,"54,061","13,947,200"
NMR,2017-11-14,10.98,12.58,10.52,11.44,"230,431","13,705,900"
NMR,2017-11-13,9.29,11.99,9.11,10.96,"205,472","11,602,400"
NMR,2017-11-12,11.04,11.04,8.44,9.28,"173,095","13,783,900"
NMR,2017-11-11,10.54,11.35,10.05,11.05,"80,678","13,155,200"
NMR,2017-11-10,11.99,12.55,10.34,10.57,"112,071","14,967,400"
NMR,2017-11-09,11.24,12.62,11.04,11.95,"141,569","14,035,800"
NMR,2017-11-08,10.57,11.72,10.25,11.43,"139,662","13,197,700"
NMR,2017-11-07,10.77,11.27,10.17,10.6,"121,944","13,444,500"
NMR,2017-11-06,11.26,11.53,10.57,10.78,"57,204","14,062,200"
NMR,2017-11-05,11.45,12.89,10.74,10.95,"185,214","14,298,300"
NMR,2017-11-04,12.45,13.36,10.84,11.47,"334,820","15,548,300"
NMR,2017-11-03,9.15,13.75,8.97,12.48,"482,650","11,423,500"
NMR,2017-11-02,10.28,10.42,8.62,9.76,"205,052","12,832,100"
NMR,2017-11-01,11.64,12.36,9.82,10.44,"230,197","14,534,400"
NMR,2017-10-31,12.87,13.07,11.59,11.66,"163,423","16,067,000"
NMR,2017-10-30,11.55,13.6,11.52,12.91,"178,535","14,416,700"
NMR,2017-10-29,12.14,13.77,11.4,11.46,"259,423","15,160,800"
NMR,2017-10-28,12.19,12.75,11.01,12.25,"148,762","15,218,000"
NMR,2017-10-27,12.07,12.55,11.04,12.16,"139,761","15,071,400"
NMR,2017-10-26,12.53,12.53,11.53,12.07,"65,175","15,647,800"
NMR,2017-10-25,13.13,13.15,11.19,12.6,"77,863","16,393,000"
NMR,2017-10-24,11.72,14.03,10.96,13.12,"118,312","14,637,400"
NMR,2017-10-23,11.98,13.44,11.06,11.75,"115,467","14,957,400"
NMR,2017-10-22,12.64,13.16,11.79,12,"50,124","15,788,900"
NMR,2017-10-21,14.11,15.22,12.06,12.74,"129,563","17,616,500"
NMR,2017-10-20,14.7,17.58,13.79,14.14,"434,935","18,349,500"
NMR,2017-10-19,14.3,15.18,12.56,14.46,"209,523","17,851,900"
NMR,2017-10-18,13.92,15.84,12.48,14.47,"356,003","17,384,800"
NMR,2017-10-17,12.63,16.77,11.72,13.72,"480,549","15,775,200"
NMR,2017-10-16,10.89,14.39,10.47,12.17,"332,447","13,599,700"
NMR,2017-10-15,11.29,11.76,10.6,10.89,"64,751","14,102,400"
NMR,2017-10-14,11.82,12.32,10.41,11.37,"228,223","14,754,900"
NMR,2017-10-13,12.12,14.52,10.95,11.81,"518,327","15,127,600"
NMR,2017-10-12,12.12,16.12,11.27,12.1,"945,572","15,128,000"
NMR,2017-10-11,11.48,13.8,10.95,12.36,"205,337","14,343,600"
NMR,2017-10-10,11.55,11.92,10.6,11.48,"112,363","14,430,000"
NMR,2017-10-09,12.11,13.82,10.88,11.55,"184,017","15,121,100"
NMR,2017-10-08,14.65,15.11,11.99,12.1,"256,490","18,293,100"
NMR,2017-10-07,14.65,14.96,14.08,14.87,"145,223","18,295,100"
NMR,2017-10-06,14.22,15.36,14.16,14.64,"91,720","17,754,300"
NMR,2017-10-05,14.12,15.42,13.32,14.22,"220,070","17,635,900"
NMR,2017-10-04,13.84,15.36,13.41,14.11,"240,893","17,295,800"
NMR,2017-10-03,14.95,15.1,13.39,13.81,"149,112","18,683,000"
NMR,2017-10-02,16.36,16.92,13.96,14.79,"467,244","20,440,100"
NMR,2017-10-01,14.72,17.08,13.45,16.36,"298,959","18,394,200"
NMR,2017-09-30,14.73,15.57,14.54,14.56,"69,376","18,409,000"
NMR,2017-09-29,15.41,15.42,14.08,14.73,"135,492","19,254,500"
NMR,2017-09-28,17.02,17.05,14.99,15.42,"125,586","21,268,800"
NMR,2017-09-27,15.03,17.19,14.7,16.91,"277,008","18,785,600"
NMR,2017-09-26,15.38,15.73,14.77,15.15,"143,434","19,222,600"
NMR,2017-09-25,15.53,16.09,14.24,15.34,"287,753","19,416,300"
NMR,2017-09-24,13.73,16.62,13.2,15.53,"686,526","17,157,200"
NMR,2017-09-23,13,14,12.79,13.73,"124,841","16,252,500"
NMR,2017-09-22,13.15,13.91,12.73,13.16,"55,768","16,441,500"
NMR,2017-09-21,15.15,15.15,12.78,13.17,"170,853","18,936,100"
NMR,2017-09-20,15.58,16.12,14.75,15.22,"160,192","19,478,000"
NMR,2017-09-19,17,17,15.31,15.6,"149,142","21,252,800"
NMR,2017-09-18,16.56,17.95,15.42,16.96,"219,636","20,703,500"
NMR,2017-09-17,15.52,16.81,14.72,16.59,"74,804","19,409,800"
NMR,2017-09-16,17.03,17.03,14.92,15.54,"106,754","21,290,500"
NMR,2017-09-15,13.53,17.18,12.28,17.07,"229,961","16,919,700"
NMR,2017-09-14,17.15,17.49,13.43,13.43,"208,388","21,435,700"
NMR,2017-09-13,18.93,18.93,15.94,17.12,"311,553","23,673,000"
NMR,2017-09-12,19.24,20.09,17.44,19.09,"398,928","24,063,900"
NMR,2017-09-11,21.48,21.48,18.04,18.98,"335,702","26,868,700"
NMR,2017-09-10,23.04,27.28,19.26,21.24,"1,448,320","28,821,700"
NMR,2017-09-09,19.17,25.34,17.42,22.97,"1,345,530","23,977,600"
NMR,2017-09-08,21.53,23.25,18.28,19.13,"305,855","26,935,100"
NMR,2017-09-07,22.34,23.16,20.41,21.53,"262,532","27,947,600"
NMR,2017-09-06,21.64,26.31,20.75,22.38,"473,273","27,076,900"
NMR,2017-09-05,20.87,23.62,18.91,21.53,"349,885","26,115,800"
NMR,2017-09-04,26.91,27.34,17.99,20.74,"716,231","33,673,500"
NMR,2017-09-03,27.7,29.36,24.99,26.9,"493,926","34,662,300"
NMR,2017-09-02,32.49,33.01,26.79,27.24,"633,861","40,658,600"
NMR,2017-09-01,35.67,35.9,31.35,32.45,"1,024,920","44,636,600"
NMR,2017-08-31,35.78,36.6,34.27,35.62,"452,411","44,776,600"
NMR,2017-08-30,34.89,38.4,34.61,35.84,"549,569","43,694,000"
NMR,2017-08-29,36.12,36.84,34.43,34.92,"489,247","45,236,000"
NMR,2017-08-28,35.56,36.2,34.11,36.07,"402,594","44,537,800"
NMR,2017-08-27,35.16,36.33,34.05,35.53,"372,296","44,033,500"
NMR,2017-08-26,35.31,37.01,33.54,34.93,"363,769","44,220,200"
NMR,2017-08-25,35.51,37.67,32.94,35.24,"845,188","44,468,400"
NMR,2017-08-24,35.6,37.29,34.84,35.39,"466,415","44,577,800"
NMR,2017-08-23,35.53,38.34,34.85,36.49,"443,443","44,506,600"
NMR,2017-08-22,34.75,37.23,31.91,35.61,"561,611","43,526,300"
NMR,2017-08-21,42.41,48.73,33.48,34.58,"2,145,180","53,121,100"
NMR,2017-08-20,34.73,43.36,32.52,42.53,"1,894,140","43,499,200"
NMR,2017-08-19,35.56,37.01,31.6,34.84,"582,704","44,542,600"
NMR,2017-08-18,34.17,39.43,31.88,35.03,"1,612,640","42,797,100"
NMR,2017-08-17,33.79,36.14,31.85,33.92,"739,864","42,325,000"
NMR,2017-08-16,31.27,37.92,30.37,33.62,"864,797","39,176,900"
NMR,2017-08-15,34.85,36.1,30.67,31.23,"763,238","43,659,400"
NMR,2017-08-14,36.8,38.09,32.76,34.65,"763,860","46,104,500"
NMR,2017-08-13,43.83,46.78,33.13,36.78,"1,431,600","54,913,000"
NMR,2017-08-12,34.64,47.85,32.8,43.37,"2,680,510","43,392,300"
NMR,2017-08-11,26.46,41.47,26.06,33.64,"3,202,390","33,143,700"
NMR,2017-08-10,28.84,29.21,26.46,26.46,"748,370","36,136,200"
NMR,2017-08-09,27.96,33.04,26.79,29.24,"1,128,830","35,034,100"
NMR,2017-08-08,27.86,28.34,25.22,27.97,"521,900","34,067,900"
NMR,2017-08-07,28.32,30.01,26.7,27.93,"456,117","34,625,700"
NMR,2017-08-06,29.42,29.76,27.6,28.38,"386,351","35,980,100"
NMR,2017-08-05,26.66,30.41,26.59,29.25,"558,040","32,606,100"
NMR,2017-08-04,26.8,28.27,26.47,26.63,"403,184","32,772,500"
NMR,2017-08-03,26.26,28.38,25.59,27.17,"320,060","32,107,700"
NMR,2017-08-02,26.15,29.96,24.75,26.23,"551,211","31,986,000"
NMR,2017-08-01,25.65,30.04,24.18,26.17,"305,623","31,374,200"
NMR,2017-07-31,26.01,26.47,24.69,25.28,"166,615","31,810,000"
NMR,2017-07-30,25.88,27.32,24.76,26.51,"116,912","31,649,900"
NMR,2017-07-29,25.28,26.29,24.13,25.87,"120,964","30,920,300"
NMR,2017-07-28,27.72,28.26,24.15,25.37,"214,957","33,899,000"
NMR,2017-07-27,27.48,28.43,26.25,27.64,"163,616","33,610,800"
NMR,2017-07-26,27.65,28.93,24.75,26.97,"323,792","33,814,100"
NMR,2017-07-25,33.69,33.89,25.92,27.29,"460,800","41,210,000"
NMR,2017-07-24,33.01,36.16,32.04,33.69,"551,830","40,370,800"
NMR,2017-07-23,36.59,37.54,32.41,32.89,"515,553","44,748,100"
NMR,2017-07-22,34.14,41.15,33.96,36.59,"909,922","41,751,100"
NMR,2017-07-21,35.87,38.4,33.27,34.14,"320,166","43,866,500"
NMR,2017-07-20,27.93,39.44,26.73,35.54,"1,116,080","34,174,900"
NMR,2017-07-19,25.08,35.93,23.53,28.23,"1,959,790","30,689,100"
NMR,2017-07-18,23.11,29.48,20.47,25.31,"550,981","28,272,600"
NMR,2017-07-17,17.46,22.79,17.46,22.69,"272,026","21,363,400"
NMR,2017-07-16,18.99,20.06,16.54,17.49,"213,544","23,236,900"
NMR,2017-07-15,23.2,23.24,18.69,19.05,"269,653","28,383,800"
NMR,2017-07-14,26.8,27.67,21.18,23.24,"424,550","32,787,700"
NMR,2017-07-13,30.83,31.24,25.64,26.82,"453,602","37,715,200"
NMR,2017-07-12,20.32,32.9,18.75,30.71,"1,538,890","24,856,500"
NMR,2017-07-11,23.53,26.49,18.33,20.73,"613,446","28,787,300"
NMR,2017-07-10,28.65,31.54,20.99,24.04,"678,731","35,055,400"
NMR,2017-07-09,27.54,30.14,26.83,28.29,"576,144","33,695,700"
NMR,2017-07-08,28.99,30.77,23.66,27.51,"860,141","35,465,600"
NMR,2017-07-07,36.08,36.88,25.44,29.39,"1,277,090","44,138,900"
NMR,2017-07-06,38.6,39.21,32.2,35.79,"1,538,390","47,227,600"
NMR,2017-07-05,39.39,41.59,37.64,39.03,"829,545","48,195,200"
NMR,2017-07-04,41.6,43.46,37.38,39.42,"1,917,540","50,895,200"
NMR,2017-07-03,43.17,46.92,41.41,41.69,"1,348,590","52,810,600"
NMR,2017-07-02,43.12,54.01,39.95,42.87,"3,610,660","52,749,500"
NMR,2017-07-01,34.19,68.93,33.29,45.26,"12,854,500","41,835,200"
NMR,2017-06-30,42.26,43.96,29.13,34.2,"4,824,820","51,703,800"
NMR,2017-06-29,53.26,53.26,38.82,42.89,"3,130,230","65,159,400"
NMR,2017-06-28,51.92,58.38,46.21,53.07,"4,397,750","63,517,500"
NMR,2017-06-27,59.82,62.31,36.29,53.05,"6,824,330","73,191,200"
NMR,2017-06-26,88.17,98.78,49.7,59.9,"9,639,820","107,875,000"
NMR,2017-06-25,103.21,168.49,72.49,86.55,"34,331,400","126,269,000"
NMR,2017-06-24,44.48,116.4,42.04,101.83,"17,322,100","54,422,400"
NMR,2017-06-23,35.05,48.58,17.67,45.63,"4,354,180",-
NEO,2018-02-20,137.95,142.01,127.86,128.36,"239,238,000",8966490000.00
NEO,2018-02-19,127.23,138.52,126.7,137.47,"201,551,000",8270290000.00
NEO,2018-02-18,136.4,137.95,124.32,127.38,"207,624,000",8866100000.00
NEO,2018-02-17,131.03,139.8,129.42,136.75,"286,385,000",8516620000.00
NEO,2018-02-16,123.02,130.62,119.94,128.85,"194,878,000",7996380000.00
NEO,2018-02-15,122,125.76,118.79,123.29,"218,616,000",7930300000.00
NEO,2018-02-14,110.86,123.03,110.86,122.52,"228,693,000",7206140000.00
NEO,2018-02-13,113.64,114.93,108.64,111.17,"176,966,000",7386420000.00
NEO,2018-02-12,104.18,115.85,104.18,113.25,"272,089,000",6771600000.00
NEO,2018-02-11,110.45,113.19,96.78,103.4,"257,944,000",7179000000.00
NEO,2018-02-10,117.21,122.84,104.98,110.63,"355,323,000",7618880000.00
NEO,2018-02-09,111.99,117.65,108.84,117.57,"212,450,000",7279310000.00
NEO,2018-02-08,104.06,117,104.06,112.43,"546,733,000",6763560000.00
NEO,2018-02-07,105.13,118.5,94.94,102.5,"571,724,000",6833700000.00
NEO,2018-02-06,84.07,109.21,64.88,105.95,"659,946,000",5464510000.00
NEO,2018-02-05,107.58,108.97,75.75,82.37,"312,096,000",6992380000.00
NEO,2018-02-04,122.22,124.01,102.03,107.45,"203,674,000",7943970000.00
NEO,2018-02-03,121.03,127.28,106.91,122.97,"255,707,000",7867210000.00
NEO,2018-02-02,125.64,129.19,91.96,120.13,"552,639,000",8166710000.00
NEO,2018-02-01,145.96,147.16,115.27,126,"356,495,000",9487200000.00
NEO,2018-01-31,145.4,148.18,133.32,145.76,"357,309,000",9451090000.00
NEO,2018-01-30,168.86,173.75,140.13,146.28,"670,295,000",10976100000.00
NEO,2018-01-29,152.08,168.14,151.46,168.14,"602,514,000",9885260000.00
NEO,2018-01-28,140.37,153.61,140.37,152.16,"246,175,000",9124100000.00
NEO,2018-01-27,138.14,142.07,134.35,140.2,"207,868,000",8979150000.00
NEO,2018-01-26,137.75,141.13,126.53,137.89,"324,067,000",8953600000.00
NEO,2018-01-25,138.09,146.94,134.58,138,"315,010,000",8976150000.00
NEO,2018-01-24,122.57,144.12,118.15,136.41,"433,360,000",7966980000.00
NEO,2018-01-23,123.37,129.71,110.18,121.6,"263,389,000",8018770000.00
NEO,2018-01-22,132.3,137.78,112.38,123.66,"346,611,000",8599480000.00
NEO,2018-01-21,150.23,150.23,126.2,131.09,"346,048,000",9764800000.00
NEO,2018-01-20,140.49,157.19,138.65,149.94,"501,671,000",9132020000.00
NEO,2018-01-19,141.25,150.15,132.97,139.5,"494,800,000",9181130000.00
NEO,2018-01-18,142.6,159.49,129.85,142.66,"838,634,000",9269200000.00
NEO,2018-01-17,144.72,154.29,94.57,141.37,"1,587,920,000",9407150000.00
NEO,2018-01-16,187.97,187.97,104.29,145.3,"1,664,430,000",12217900000.00
NEO,2018-01-15,170.1,196.85,147.4,187.41,"1,455,620,000",11056500000.00
NEO,2018-01-14,140.56,176.83,135.92,170.42,"648,694,000",9136460000.00
NEO,2018-01-13,124.15,146.51,124.15,140.62,"455,703,000",8069500000.00
NEO,2018-01-12,109.19,126.55,105.25,124.47,"234,757,000",7097050000.00
NEO,2018-01-11,123.1,124.33,102.66,108.3,"270,718,000",8001780000.00
NEO,2018-01-10,127.23,127.26,111.05,122.99,"361,797,000",8270280000.00
NEO,2018-01-09,102.07,129.87,101.84,126.94,"529,663,000",6634310000.00
NEO,2018-01-08,102.12,108.6,90.68,102.38,"231,395,000",6638000000.00
NEO,2018-01-07,101.12,108.52,99.2,102.43,"196,621,000",6572870000.00
NEO,2018-01-06,95.31,103.13,91.9,100.86,"187,746,000",6195060000.00
NEO,2018-01-05,98.91,106.24,89.58,95.28,"292,933,000",6429220000.00
NEO,2018-01-04,104.79,109.2,96.24,99.11,"332,546,000",6811420000.00
NEO,2018-01-03,90.3,105.56,86.89,105.56,"288,086,000",5869250000.00
NEO,2018-01-02,78.53,97.01,78.53,90.33,"373,377,000",5104180000.00
NEO,2018-01-01,76.19,80.69,72.72,78.82,"142,094,000",4952450000.00
NEO,2017-12-31,72.56,78.01,67.69,75.96,"181,357,000",4716090000.00
NEO,2017-12-30,74.18,74.54,63.02,72.4,"202,377,000",4821840000.00
NEO,2017-12-29,65.7,74.82,63.14,73.9,"163,331,000",4270520000.00
NEO,2017-12-28,66.76,66.94,58.22,65.43,"135,592,000",4339530000.00
NEO,2017-12-27,65.53,70.29,62.88,66.88,"153,715,000",4259210000.00
NEO,2017-12-26,66.61,68.8,61.86,65.52,"195,466,000",4329390000.00
NEO,2017-12-25,60.27,68.37,58.39,66.32,"170,538,000",3917400000.00
NEO,2017-12-24,59.32,59.97,51.84,59.7,"160,158,000",3855900000.00
NEO,2017-12-23,56.32,67.75,56.32,58.9,"146,282,000",3660710000.00
NEO,2017-12-22,71.54,72.28,43.39,55.57,"297,579,000",4650220000.00
NEO,2017-12-21,76.12,79.04,67.49,71.37,"225,272,000",4948010000.00
NEO,2017-12-20,71.31,77.5,63.1,75.62,"305,912,000",4634920000.00
NEO,2017-12-19,77.19,82.1,66.59,70.81,"290,083,000",5017420000.00
NEO,2017-12-18,68.45,81.06,63.96,77.22,"437,849,000",4449540000.00
NEO,2017-12-17,49.74,71.72,49.74,68.11,"500,799,000",3233120000.00
NEO,2017-12-16,48.14,52.26,46.93,49.81,"164,723,000",3129270000.00
NEO,2017-12-15,50.54,51.24,43.13,47.99,"204,065,000",3285020000.00
NEO,2017-12-14,44.9,53.65,44.4,50.62,"313,147,000",2918700000.00
NEO,2017-12-13,40.73,49.07,37.49,44.81,"294,500,000",2647620000.00
NEO,2017-12-12,36.22,41.28,35.32,40.41,"132,796,000",2354370000.00
NEO,2017-12-11,33.32,36.57,33.32,35.88,"77,323,800",2165750000.00
NEO,2017-12-10,35.79,35.79,32.51,33.31,"72,133,600",2326550000.00
NEO,2017-12-09,35.96,38.98,34.87,35.71,"93,255,300",2337250000.00
NEO,2017-12-08,34.84,37.38,32.36,36.27,"125,450,000",2264560000.00
NEO,2017-12-07,35.04,37.26,33.31,34.86,"125,301,000",2277340000.00
NEO,2017-12-06,38.75,38.85,34.4,35.16,"118,745,000",2518460000.00
NEO,2017-12-05,41.99,42.79,38.82,38.82,"101,480,000",2729160000.00
NEO,2017-12-04,36.65,43,36.62,42.17,"160,430,000",2382160000.00
NEO,2017-12-03,35.09,39.52,35.03,36.62,"79,801,700",2281180000.00
NEO,2017-12-02,35.84,36.61,34.51,35.07,"48,991,700",2329690000.00
NEO,2017-12-01,32.89,36.23,31.36,35.84,"89,359,700",2137790000.00
NEO,2017-11-30,32.54,34.98,30.09,32.96,"78,895,100",2115360000.00
NEO,2017-11-29,37.99,39.44,31.23,32.28,"137,123,000",2469340000.00
NEO,2017-11-28,40.13,40.13,37.47,38.08,"80,129,000",2608660000.00
NEO,2017-11-27,38.32,41.91,38.32,40.13,"83,345,900",2491020000.00
NEO,2017-11-26,38.04,39.2,37.49,38.44,"61,597,700",2472680000.00
NEO,2017-11-25,34.83,39.86,34.6,38.13,"125,113,000",2263690000.00
NEO,2017-11-24,34.89,35.7,33.46,34.79,"68,977,700",2267940000.00
NEO,2017-11-23,35.83,36.29,34.5,34.9,"68,917,800",2329200000.00
NEO,2017-11-22,34.45,36.98,34.45,35.86,"82,378,800",2239040000.00
NEO,2017-11-21,36.21,37.16,33.38,34.36,"133,333,000",2353570000.00
NEO,2017-11-20,39.94,43.14,35.64,35.64,"243,906,000",2596080000.00
NEO,2017-11-19,43.01,45.45,36.66,39.75,"273,035,000",2795440000.00
NEO,2017-11-18,39.74,48.09,36.28,42.74,"434,827,000",2583010000.00
NEO,2017-11-17,28.71,41.08,28.36,40.5,"252,834,000",1866360000.00
NEO,2017-11-16,29.45,29.93,28.48,28.7,"40,895,700",1913970000.00
NEO,2017-11-15,29.79,30.59,28.26,29.35,"45,103,700",1936170000.00
NEO,2017-11-14,28.4,29.96,28.1,29.73,"39,436,300",1845750000.00
NEO,2017-11-13,27.12,28.97,26.59,28.4,"41,299,400",1762620000.00
NEO,2017-11-12,28.44,28.45,25.31,26.96,"63,588,200",1848580000.00
NEO,2017-11-11,28.15,29.93,27.4,28.53,"45,994,100",1829610000.00
NEO,2017-11-10,31.97,32.44,26.74,28.18,"57,756,900",2078110000.00
NEO,2017-11-09,30.76,33.02,30.58,31.9,"79,919,300",1999530000.00
NEO,2017-11-08,26.17,33.81,26.02,30.67,"120,273,000",1700950000.00
NEO,2017-11-07,26.26,26.52,25.62,26.23,"40,146,900",1706600000.00
NEO,2017-11-06,26.47,26.81,25.95,26.32,"26,798,400",1720760000.00
NEO,2017-11-05,26.48,26.72,25.79,26.38,"25,229,700",1721090000.00
NEO,2017-11-04,26.77,27.74,25.94,26.49,"31,870,600",1739980000.00
NEO,2017-11-03,24.6,26.9,24.39,26.82,"40,142,100",1598960000.00
NEO,2017-11-02,26.75,26.75,22.89,24.5,"74,455,200",1738720000.00
NEO,2017-11-01,28.38,28.44,26.68,26.86,"49,782,800",1844740000.00
NEO,2017-10-31,28.69,30.44,28.47,28.47,"61,688,400",1864890000.00
NEO,2017-10-30,27.72,29.49,27.71,28.79,"30,968,500",1801620000.00
NEO,2017-10-29,27.2,28.61,27.2,27.76,"29,736,500",1360230000.00
NEO,2017-10-28,28.86,28.99,27.17,27.35,"25,368,200",1443000000.00
NEO,2017-10-27,28.33,28.88,28.1,28.76,"28,919,000",1416350000.00
NEO,2017-10-26,28.48,29.39,28.06,28.33,"35,987,900",1423950000.00
NEO,2017-10-25,30.11,30.11,28.54,28.54,"35,558,400",1505590000.00
NEO,2017-10-24,27.34,32.72,26.73,30.15,"78,225,600",1367240000.00
NEO,2017-10-23,28.49,28.65,26.43,27.51,"28,154,800",1424610000.00
NEO,2017-10-22,27.15,29.48,27.1,28.79,"36,184,100",1357500000.00
NEO,2017-10-21,27.76,28.28,26.04,27.13,"34,058,900",1387840000.00
NEO,2017-10-20,28.68,29.5,27.73,27.75,"36,933,700",1433880000.00
NEO,2017-10-19,29.66,29.96,28.48,28.66,"30,401,400",1482970000.00
NEO,2017-10-18,31.66,31.78,28.44,29.67,"49,659,700",1583190000.00
NEO,2017-10-17,28.5,32.55,27.81,31.4,"74,210,000",1425090000.00
NEO,2017-10-16,27.76,29.07,26.96,28.53,"34,713,200",1388080000.00
NEO,2017-10-15,27.65,28.47,26.91,27.73,"31,189,200",1382450000.00
NEO,2017-10-14,29.32,29.45,27.65,27.8,"33,551,100",1465980000.00
NEO,2017-10-13,27.85,29.87,26.45,29.35,"81,365,000",1392660000.00
NEO,2017-10-12,30.01,30.36,27.61,28.18,"61,080,400",1500520000.00
NEO,2017-10-11,29.3,31.23,29.3,29.96,"33,627,700",1464940000.00
NEO,2017-10-10,29.15,31.2,28.07,29.31,"48,223,600",1457270000.00
NEO,2017-10-09,32.04,32.79,26.78,29.1,"98,290,300",1601800000.00
NEO,2017-10-08,35.64,37.23,31.01,32.07,"107,725,000",1781810000.00
NEO,2017-10-07,33.54,36.15,33.3,36.14,"48,058,800",1677000000.00
NEO,2017-10-06,32.5,34.32,32.23,33.52,"47,267,100",1625060000.00
NEO,2017-10-05,31.21,33.31,28.98,32.28,"66,785,000",1560680000.00
NEO,2017-10-04,33.79,35.03,30.09,31.16,"60,565,900",1689390000.00
NEO,2017-10-03,36.65,36.79,32.01,33.61,"74,199,600",1832530000.00
NEO,2017-10-02,35.7,39.01,34.9,36.74,"116,098,000",1785160000.00
NEO,2017-10-01,34.12,35.83,31.82,35.72,"72,169,500",1705880000.00
NEO,2017-09-30,28.59,34.24,28.45,34.21,"82,181,600",1429500000.00
NEO,2017-09-29,30.25,30.41,26.13,28.64,"72,558,300",1512530000.00
NEO,2017-09-28,31.78,32.69,27.68,29.76,"101,195,000",1589170000.00
NEO,2017-09-27,26.32,34.03,26.32,31.79,"163,163,000",1316040000.00
NEO,2017-09-26,26.12,27.3,24.46,26.38,"65,868,600",1305990000.00
NEO,2017-09-25,19.8,27.08,19.8,26.02,"81,225,500",989892000.00
NEO,2017-09-24,20.17,20.43,19.28,19.79,"11,967,200",1008660000.00
NEO,2017-09-23,18.58,20.59,18.3,20.18,"17,216,800",929086000.00
NEO,2017-09-22,17.39,19.32,16.98,18.69,"22,480,200",869657000.00
NEO,2017-09-21,19.65,19.82,16.75,17.45,"21,587,400",982515000.00
NEO,2017-09-20,19.9,20.47,19.69,19.75,"14,058,200",995012000.00
NEO,2017-09-19,20.99,21.71,19.04,19.94,"30,451,900",1049420000.00
NEO,2017-09-18,19.91,21.38,19.54,21.22,"27,647,600",995579000.00
NEO,2017-09-17,20.64,20.64,18.36,19.86,"18,695,100",1031920000.00
NEO,2017-09-16,18.75,22.98,18.5,20.76,"50,210,000",937288000.00
NEO,2017-09-15,15.81,19.12,13.32,18.74,"50,811,700",790612000.00
NEO,2017-09-14,20.08,20.75,14.95,15.69,"42,221,500",1004180000.00
NEO,2017-09-13,20.83,21.29,17.8,20.06,"37,258,400",1041450000.00
NEO,2017-09-12,21.87,23.6,19.86,20.97,"40,702,300",1093590000.00
NEO,2017-09-11,22.68,23.97,21.7,21.88,"27,835,300",1133790000.00
NEO,2017-09-10,21.76,23.64,19.37,22.75,"54,002,500",1088180000.00
NEO,2017-09-09,24.63,24.63,21.55,21.96,"47,199,500",1231580000.00
NEO,2017-09-08,30.59,30.59,22.41,24.86,"112,252,000",1529630000.00
NEO,2017-09-07,21.3,33.55,20.54,30.78,"214,001,000",1065110000.00
NEO,2017-09-06,22.97,24.32,20.3,21.36,"77,746,300",1148320000.00
NEO,2017-09-05,21.88,23.85,18.93,22.8,"91,402,300",1093860000.00
NEO,2017-09-04,30.44,30.44,17.4,21.83,"189,917,000",1522090000.00
NEO,2017-09-03,31.77,32.65,28.58,30.32,"43,232,300",1588690000.00
NEO,2017-09-02,31.69,34.81,28.55,31.72,"92,722,600",1584390000.00
NEO,2017-09-01,33.17,33.57,28.87,32.01,"75,418,900",1658680000.00
NEO,2017-08-31,32.93,35.09,32.6,33.16,"49,957,300",1646720000.00
NEO,2017-08-30,33.48,35.84,29.71,33.1,"97,289,600",1673910000.00
NEO,2017-08-29,38.46,38.46,30.69,33.66,"168,534,000",1922840000.00
NEO,2017-08-28,40.23,40.31,37.38,38.45,"41,401,000",2011600000.00
NEO,2017-08-27,38.58,41.23,37.42,40.09,"50,649,600",1928770000.00
NEO,2017-08-26,40.31,40.52,37.7,38.59,"41,017,800",2015360000.00
NEO,2017-08-25,41.96,42.26,39.78,40.3,"47,772,200",2098230000.00
NEO,2017-08-24,39.92,42.13,39.31,42.05,"63,875,500",1996230000.00
NEO,2017-08-23,35.83,44.03,35.25,40,"131,763,000",1791670000.00
NEO,2017-08-22,35.16,36.17,31.6,35.85,"68,265,300",1758180000.00
NEO,2017-08-21,38.04,38.28,34.15,35.3,"85,955,000",1902060000.00
NEO,2017-08-20,39.63,40.65,38.16,38.19,"85,862,200",1981640000.00
NEO,2017-08-19,38.86,42.22,35.4,39.97,"168,358,000",1943180000.00
NEO,2017-08-18,40.85,41.16,31.32,38.85,"209,845,000",2042450000.00
NEO,2017-08-17,45.72,46.34,38.91,40.69,"191,410,000",2286130000.00
NEO,2017-08-16,46.98,51.24,44.69,45.54,"170,273,000",2349050000.00
NEO,2017-08-15,47.5,47.99,39.52,47.49,"262,801,000",2375010000.00
NEO,2017-08-14,47.63,52.02,44.79,47.43,"343,705,000",2381360000.00
NEO,2017-08-13,36.86,52.63,35.32,46.65,"448,654,000",1843040000.00
NEO,2017-08-12,33.16,37.37,30.45,36.61,"177,772,000",1657810000.00
NEO,2017-08-11,36.32,39.13,27.58,33.5,"382,070,000",1815780000.00
NEO,2017-08-10,21.68,38.44,21.36,36.18,"360,125,000",1084180000.00
NEO,2017-08-09,18.34,21.94,17.46,21.75,"116,795,000",917009000.00
NEO,2017-08-08,18.73,19.34,15.59,18.27,"124,589,000",936705000.00
NEO,2017-08-07,15.2,20.24,14.36,18.68,"166,514,000",759959000.00
NEO,2017-08-06,14.17,16.19,13.42,15.21,"81,450,800",708471000.00
NEO,2017-08-05,10.39,14.95,10.24,14.02,"82,680,400",519506000.00
NEO,2017-08-04,10.84,11.22,9.97,10.43,"56,285,500",541832000.00
NEO,2017-08-03,8.19,10.7,8.06,10.67,"49,848,800",409434000.00
NEO,2017-08-02,7.85,8.3,7.71,8.11,"17,559,000",392732000.00
NEO,2017-08-01,7.36,8.2,6.96,7.86,"18,527,900",368123000.00
NEO,2017-07-31,7.16,7.43,7.02,7.33,"10,856,600",358222000.00
NEO,2017-07-30,7.27,7.3,6.94,7.15,"9,006,030",363345000.00
NEO,2017-07-29,7.09,7.46,6.76,7.26,"10,518,400",354258000.00
NEO,2017-07-28,7.75,7.88,6.93,7.09,"15,725,800",387410000.00
NEO,2017-07-27,7.22,7.94,7.13,7.72,"15,251,100",360772000.00
NEO,2017-07-26,7.33,7.59,6.58,7.17,"16,765,600",366562000.00
NEO,2017-07-25,8.48,8.48,6.88,7.35,"19,480,400",423876000.00
NEO,2017-07-24,8.61,8.81,8.19,8.46,"21,283,700",430471000.00
NEO,2017-07-23,8.64,8.93,7.76,8.57,"29,915,100",431881000.00
NEO,2017-07-22,7.39,9.12,7.31,8.62,"32,890,800",369727000.00
NEO,2017-07-21,7.24,7.97,7.03,7.42,"21,298,000",361826000.00
NEO,2017-07-20,5.89,7.47,5.89,7.21,"25,476,100",294317000.00
NEO,2017-07-19,6.04,6.23,5.65,5.88,"14,255,500",301935000.00
NEO,2017-07-18,5.77,6.29,5.51,6.02,"18,101,700",288470000.00
NEO,2017-07-17,5.06,5.85,5.03,5.77,"15,013,000",253054000.00
NEO,2017-07-16,5.03,5.27,4.83,5.04,"9,498,420",251399000.00
NEO,2017-07-15,5.55,5.55,4.98,5.03,"11,294,200",277400000.00
NEO,2017-07-14,6.27,6.29,5.42,5.54,"12,351,000",313433000.00
NEO,2017-07-13,6.68,6.95,5.91,6.29,"17,824,000",334240000.00
NEO,2017-07-12,5.31,6.69,5.07,6.63,"23,337,300",265564000.00
NEO,2017-07-11,5.93,6.11,4.83,5.4,"20,182,900",296309000.00
NEO,2017-07-10,6.91,6.96,5.58,6.03,"11,395,300",345719000.00
NEO,2017-07-09,7.4,7.62,6.87,6.9,"10,422,500",370072000.00
NEO,2017-07-08,6.79,7.63,5.91,7.45,"24,138,500",339382000.00
NEO,2017-07-07,7.83,7.89,6.74,6.77,"16,409,500",391569000.00
NEO,2017-07-06,7.98,8.34,7.69,7.84,"17,932,500",399093000.00
NEO,2017-07-05,7.77,8.66,7.23,8.03,"29,368,100",388453000.00
NEO,2017-07-04,8.22,8.49,7.77,7.78,"15,781,600",410831000.00
NEO,2017-07-03,8.06,8.48,7.52,8.22,"28,820,400",402786000.00
NEO,2017-07-02,7.96,8.51,6.75,8.1,"47,478,700",397988000.00
NEO,2017-07-01,8.77,9.24,7.74,7.95,"33,128,400",438293000.00
NEO,2017-06-30,9.72,10,8.6,8.73,"43,355,500",485988000.00
NEO,2017-06-29,8.34,10.07,7.91,9.77,"77,050,000",416970000.00
NEO,2017-06-28,6.96,8.69,6.49,8.38,"72,982,300",347826000.00
NEO,2017-06-27,5.35,7.26,5.09,6.83,"71,029,700",267538000.00
NEO,2017-06-26,5.95,6.22,4.42,5.53,"27,615,900",297587000.00
NEO,2017-06-25,6.29,6.46,5.66,5.95,"24,890,900",314543000.00
NEO,2017-06-24,6.87,7.11,6.25,6.3,"33,359,500",343738000.00
NEO,2017-06-23,6.92,7.43,5.78,6.84,"67,033,300",346025000.00
NEO,2017-06-22,10.16,10.51,6.9,6.94,"115,249,000",507921000.00
NEO,2017-06-21,8.04,10.21,7.81,10.15,"88,374,400",401956000.00
NEO,2017-06-20,11.79,11.79,7.87,8,"126,661,000",589390000.00
NEO,2017-06-19,5.46,11.81,5.46,11.72,"281,341,000",273011000.00
NEO,2017-06-18,3.79,5.26,3.47,5.26,"61,381,000",189717000.00
NEO,2017-06-17,2.8,4.18,2.7,3.76,"82,601,000",139894000.00
NEO,2017-06-16,1.8,2.81,1.72,2.77,"45,782,200",90202000.00
NEO,2017-06-15,1.74,1.84,1.54,1.78,"9,550,940",86947000.00
NEO,2017-06-14,1.81,1.94,1.68,1.74,"10,497,200",90657000.00
NEO,2017-06-13,1.5,1.86,1.5,1.81,"10,456,500",75221500.00
NEO,2017-06-12,1.67,1.69,1.4,1.51,"7,492,490",83716000.00
NEO,2017-06-11,1.69,1.73,1.52,1.67,"6,479,410",84426000.00
NEO,2017-06-10,1.54,2.07,1.53,1.68,"17,295,300",77129000.00
NEO,2017-06-09,1.36,1.59,1.33,1.55,"9,728,020",67874000.00
NEO,2017-06-08,1.27,1.36,1.19,1.36,"7,118,290",63677000.00
NEO,2017-06-07,1.34,1.36,1.27,1.28,"2,994,510",66929500.00
NEO,2017-06-06,1.28,1.37,1.2,1.34,"5,234,170",63757000.00
NEO,2017-06-05,1.27,1.35,1.25,1.28,"3,876,920",63267500.00
NEO,2017-06-04,1.25,1.32,1.22,1.26,"2,572,220",62425500.00
NEO,2017-06-03,1.36,1.36,1.15,1.26,"4,049,740",68122000.00
NEO,2017-06-02,1.25,1.4,1.18,1.35,"7,157,890",62290500.00
NEO,2017-06-01,1.03,1.3,1.01,1.24,"8,061,920",51383000.00
NEO,2017-05-31,1.02,1.08,0.966531,1.03,"3,001,020",51167000.00
NEO,2017-05-30,0.975403,1.13,0.970573,1.02,"5,393,720",48770200.00
NEO,2017-05-29,0.921727,0.974728,0.873447,0.966765,"2,171,000",46086400.00
NEO,2017-05-28,0.989557,1.07,0.814832,0.930106,"5,133,830",49477900.00
NEO,2017-05-27,0.806824,1.03,0.598245,0.982348,"7,025,920",40341200.00
NEO,2017-05-26,1.11,1.22,0.69411,0.826549,"6,847,940",55293000.00
NEO,2017-05-25,1.74,1.74,1.01,1.11,"12,458,000",87149500.00
NEO,2017-05-24,0.878954,1.9,0.863444,1.76,"22,900,400",43947700.00
NEO,2017-05-23,0.721726,0.901805,0.695115,0.877157,"3,858,760",36086300.00
NEO,2017-05-22,0.682007,0.742591,0.669175,0.720486,"2,331,300",34100400.00
NEO,2017-05-21,0.665434,0.744667,0.618864,0.664141,"2,621,930",33271700.00
NEO,2017-05-20,0.638148,0.671513,0.612225,0.665485,"1,476,170",31907400.00
NEO,2017-05-19,0.539752,0.682251,0.539752,0.63186,"1,884,600",26987600.00
NEO,2017-05-18,0.533423,0.552265,0.514519,0.539481,"1,201,540",26671200.00
NEO,2017-05-17,0.464285,0.531643,0.454101,0.531643,"1,328,670",23214200.00
NEO,2017-05-16,0.474567,0.474567,0.452551,0.463667,"637,204",23728400.00
NEO,2017-05-15,0.477364,0.4933,0.45415,0.470057,"897,219",23868200.00
NEO,2017-05-14,0.483372,0.490861,0.473253,0.477543,"501,693",24168600.00
NEO,2017-05-13,0.487873,0.491284,0.451528,0.484544,"616,908",24393600.00
NEO,2017-05-12,0.480874,0.508175,0.469682,0.487684,"548,028",24043700.00
NEO,2017-05-11,0.504314,0.520573,0.431391,0.481077,"953,152",25215700.00
NEO,2017-05-10,0.44926,0.541055,0.44926,0.503894,"843,243",22463000.00
NEO,2017-05-09,0.496131,0.501255,0.407576,0.44937,"1,076,450",24806600.00
NEO,2017-05-08,0.5303,0.542761,0.486931,0.496572,"1,025,750",26515000.00
NEO,2017-05-07,0.585263,0.591143,0.516306,0.535792,"1,249,060",29263200.00
NEO,2017-05-06,0.572854,0.59035,0.537649,0.58767,"1,341,720",28642700.00
NEO,2017-05-05,0.493833,0.576426,0.470129,0.576426,"2,660,100",24691600.00
NEO,2017-05-04,0.345096,0.500403,0.334537,0.500309,"2,317,450",17254800.00
NEO,2017-05-03,0.314746,0.348589,0.309078,0.343782,"758,237",15737300.00
NEO,2017-05-02,0.319147,0.326074,0.280153,0.314833,"588,824",15957400.00
NEO,2017-05-01,0.361689,0.361689,0.269563,0.318838,"1,142,050",18084400.00
NEO,2017-04-30,0.271731,0.362409,0.268994,0.360099,"1,631,520",13586500.00
NEO,2017-04-29,0.229612,0.29057,0.221128,0.271729,"960,013",11480600.00
NEO,2017-04-28,0.202194,0.229271,0.20142,0.229255,"473,689",10109700.00
NEO,2017-04-27,0.184394,0.20851,0.181833,0.202092,"327,972",9219700.00
NEO,2017-04-26,0.183475,0.188085,0.179909,0.184577,"185,400",9173750.00
NEO,2017-04-25,0.173606,0.184094,0.166802,0.183504,"241,805",8680300.00
NEO,2017-04-24,0.177077,0.177153,0.163354,0.173758,"262,706",8853850.00
NEO,2017-04-23,0.180684,0.185985,0.169937,0.17496,"175,678",9034200.00
NEO,2017-04-22,0.178943,0.188524,0.173304,0.183058,"288,119",8947150.00
NEO,2017-04-21,0.184685,0.185694,0.174442,0.178122,"263,127",9234250.00
NEO,2017-04-20,0.189534,0.191015,0.178645,0.184725,"222,525",9476700.00
NEO,2017-04-19,0.180622,0.190709,0.178089,0.189408,"297,302",9031100.00
NEO,2017-04-18,0.19191,0.192224,0.176355,0.180479,"348,694",9595500.00
NEO,2017-04-17,0.191583,0.192535,0.179468,0.191489,"331,308",9579150.00
NEO,2017-04-16,0.193672,0.19565,0.188923,0.192076,"167,886",9683600.00
NEO,2017-04-15,0.192991,0.194574,0.190452,0.192164,"76,566",9649550.00
NEO,2017-04-14,0.19154,0.19396,0.190495,0.192958,"103,138",9577000.00
NEO,2017-04-13,0.193966,0.196013,0.190089,0.191686,"147,722",9698300.00
NEO,2017-04-12,0.198357,0.200199,0.191723,0.195553,"192,252",9917850.00
NEO,2017-04-11,0.209023,0.211772,0.189697,0.197826,"257,457",10451200.00
NEO,2017-04-10,0.188842,0.220733,0.186149,0.207874,"208,420",9442100.00
NEO,2017-04-09,0.189679,0.191026,0.186312,0.188861,"97,362",9483950.00
NEO,2017-04-08,0.189456,0.193674,0.188398,0.190221,"54,654",9472800.00
NEO,2017-04-07,0.187871,0.192661,0.184796,0.188531,"81,618",9393550.00
NEO,2017-04-06,0.184767,0.190455,0.184234,0.18643,"82,505",9238350.00
NEO,2017-04-05,0.185082,0.192548,0.182758,0.184719,"102,043",9254100.00
NEO,2017-04-04,0.199874,0.202591,0.181038,0.185002,"148,096",9993700.00
NEO,2017-04-03,0.205808,0.205959,0.196132,0.199703,"104,805",10290400.00
NEO,2017-04-02,0.203584,0.206776,0.200261,0.20548,"102,369",10179200.00
NEO,2017-04-01,0.203606,0.206153,0.19444,0.205017,"109,993",10180300.00
NEO,2017-03-31,0.210236,0.213953,0.196505,0.203541,"291,529",10511800.00
NEO,2017-03-30,0.212468,0.22193,0.206085,0.210556,"504,940",10623400.00
NEO,2017-03-29,0.22065,0.225506,0.205719,0.212428,"335,567",11032500.00
NEO,2017-03-28,0.186277,0.235749,0.180596,0.220632,"821,674",9313850.00
NEO,2017-03-27,0.161165,0.191642,0.160717,0.186426,"201,563",8058250.00
NEO,2017-03-26,0.167267,0.175043,0.158772,0.160384,"37,656",8363350.00
NEO,2017-03-25,0.166941,0.167388,0.157475,0.167305,"47,641",8347050.00
NEO,2017-03-24,0.166412,0.178022,0.159289,0.166465,"52,184",8320600.00
NEO,2017-03-23,0.173183,0.176421,0.156976,0.166412,"38,169",8659150.00
NEO,2017-03-22,0.164951,0.179551,0.159475,0.173143,"157,814",8247550.00
NEO,2017-03-21,0.153972,0.167727,0.150715,0.164934,"234,287",7698600.00
NEO,2017-03-20,0.157444,0.162542,0.149597,0.153898,"68,539",7872200.00
NEO,2017-03-19,0.159019,0.163016,0.149322,0.15756,"68,673",7950950.00
NEO,2017-03-18,0.140006,0.172281,0.140006,0.158987,"188,985",7000300.00
NEO,2017-03-17,0.131324,0.166127,0.122856,0.139902,"63,413",6566200.00
NEO,2017-03-16,0.128773,0.136685,0.125514,0.131867,"20,678",6438650.00
NEO,2017-03-15,0.133699,0.140774,0.128158,0.128653,"16,169",6684950.00
NEO,2017-03-14,0.136986,0.137204,0.127028,0.133681,"23,746",6849300.00
NEO,2017-03-13,0.140799,0.140823,0.127288,0.136979,"23,196",7039950.00
NEO,2017-03-12,0.142217,0.14357,0.131473,0.140575,"36,588",7110850.00
NEO,2017-03-11,0.131403,0.142793,0.129965,0.142142,"32,281",6570150.00
NEO,2017-03-10,0.132107,0.141972,0.120088,0.131476,"34,319",6605350.00
NEO,2017-03-09,0.116266,0.140766,0.114151,0.132026,"21,035",5813300.00
NEO,2017-03-08,0.122602,0.128715,0.116242,0.116242,"5,536",6130100.00
NEO,2017-03-07,0.123459,0.123531,0.116952,0.122573,"8,291",6172950.00
NEO,2017-03-06,0.121782,0.124417,0.118414,0.12345,"10,659",6089100.00
NEO,2017-03-05,0.119821,0.12368,0.116513,0.121757,"4,192",5991050.00
NEO,2017-03-04,0.122602,0.125583,0.117666,0.119901,"6,235",6130100.00
NEO,2017-03-03,0.119272,0.124929,0.118119,0.122444,"9,499",5963600.00
NEO,2017-03-02,0.135408,0.135475,0.115596,0.119301,"8,963",6770400.00
NEO,2017-03-01,0.117455,0.135197,0.113717,0.135197,"12,914",5872750.00
NEO,2017-02-28,0.115442,0.118271,0.113307,0.117443,"19,659",5772100.00
NEO,2017-02-27,0.115234,0.118632,0.10963,0.115376,"8,960",5761700.00
NEO,2017-02-26,0.114553,0.115582,0.104331,0.114986,"8,433",5727650.00
NEO,2017-02-25,0.120864,0.12166,0.110955,0.114526,"9,339",6043200.00
NEO,2017-02-24,0.119243,0.136124,0.086475,0.121185,"17,386",5962150.00
NEO,2017-02-23,0.121958,0.122226,0.114699,0.118724,"6,304",6097900.00
NEO,2017-02-22,0.124515,0.124515,0.115683,0.121959,"6,903",6225750.00
NEO,2017-02-21,0.1214,0.127322,0.114101,0.121561,"14,370",6070000.00
NEO,2017-02-20,0.123001,0.127204,0.116679,0.121475,"10,971",6150050.00
NEO,2017-02-19,0.124522,0.124827,0.117671,0.122905,"4,321",6226100.00
NEO,2017-02-18,0.122901,0.130873,0.119005,0.124431,"13,458",6145050.00
NEO,2017-02-17,0.125972,0.130485,0.115022,0.122661,"28,259",6298600.00
NEO,2017-02-16,0.112739,0.126088,0.112574,0.126088,"10,795",5636950.00
NEO,2017-02-15,0.116744,0.120698,0.111437,0.112729,"5,690",5837200.00
NEO,2017-02-14,0.118339,0.121985,0.114384,0.116603,"6,788",5916950.00
NEO,2017-02-13,0.12153,0.13772,0.118105,0.118286,"6,977",6076500.00
NEO,2017-02-12,0.125493,0.137479,0.117401,0.121566,"3,330",6274650.00
NEO,2017-02-11,0.125788,0.127159,0.122483,0.125607,743,6289400.00
NEO,2017-02-10,0.12754,0.13171,0.117976,0.125761,"2,605",6377000.00
NEO,2017-02-09,0.129684,0.132791,0.118249,0.127476,"10,870",6484200.00
NEO,2017-02-08,0.133244,0.134031,0.121542,0.129568,"8,268",6662200.00
NEO,2017-02-07,0.126972,0.136817,0.126972,0.133135,"5,302",6348600.00
NEO,2017-02-06,0.131717,0.138723,0.125146,0.126788,"10,498",6585850.00
NEO,2017-02-05,0.135944,0.143104,0.128306,0.131582,"2,685",6797200.00
NEO,2017-02-04,0.134385,0.147454,0.13296,0.135867,"10,217",6719250.00
NEO,2017-02-03,0.14565,0.14565,0.132985,0.134264,"9,702",7282500.00
NEO,2017-02-02,0.147206,0.147974,0.134287,0.145699,"2,973",7360300.00
NEO,2017-02-01,0.147034,0.150287,0.140878,0.147218,"4,496",7351700.00
NEO,2017-01-31,0.153713,0.153791,0.144326,0.147016,"17,416",7685650.00
NEO,2017-01-30,0.141147,0.15376,0.140489,0.15376,"9,285",7057350.00
NEO,2017-01-29,0.138097,0.14186,0.132053,0.141204,"11,695",6904850.00
NEO,2017-01-28,0.130334,0.137387,0.125774,0.134674,"7,066",6516700.00
NEO,2017-01-27,0.129894,0.135296,0.128775,0.130343,"9,238",6494700.00
NEO,2017-01-26,0.124319,0.135711,0.120759,0.133612,"7,694",6215950.00
NEO,2017-01-25,0.120212,0.129256,0.115434,0.124216,"6,427",6010600.00
NEO,2017-01-24,0.128569,0.128569,0.113295,0.120213,"7,139",6428450.00
NEO,2017-01-23,0.114416,0.130461,0.111428,0.129948,"7,175",5720800.00
NEO,2017-01-22,0.116306,0.119379,0.109804,0.114313,"6,468",5815300.00
NEO,2017-01-21,0.117955,0.127853,0.114241,0.116309,"15,335",5897750.00
NEO,2017-01-20,0.116596,0.124276,0.111754,0.117809,"16,255",5829800.00
NEO,2017-01-19,0.123035,0.123948,0.116102,0.116619,"14,984",6151750.00
NEO,2017-01-18,0.116816,0.123035,0.115687,0.123035,"7,457",5840800.00
NEO,2017-01-17,0.119675,0.122525,0.114662,0.116638,"7,960",5983750.00
NEO,2017-01-16,0.12373,0.123958,0.118628,0.119649,"5,112",6186500.00
NEO,2017-01-15,0.122904,0.132022,0.117124,0.123732,"6,954",6145200.00
NEO,2017-01-14,0.121337,0.12394,0.116299,0.122939,"9,262",6066850.00
NEO,2017-01-13,0.124106,0.124342,0.113803,0.121321,"50,365",6205300.00
NEO,2017-01-12,0.115137,0.124128,0.109263,0.124122,"59,945",5756850.00
NEO,2017-01-11,0.13397,0.13495,0.112802,0.115138,"120,522",6698500.00
NEO,2017-01-10,0.123761,0.13955,0.123113,0.133864,"126,915",6188050.00
NEO,2017-01-09,0.13263,0.13367,0.117667,0.123767,"90,000",6631500.00
NEO,2017-01-08,0.128325,0.134773,0.127755,0.132609,"69,033",6416250.00
NEO,2017-01-07,0.135505,0.135759,0.125106,0.131104,"53,818",6775250.00
NEO,2017-01-06,0.131087,0.139018,0.131087,0.135472,"54,666",6554350.00
NEO,2017-01-05,0.136797,0.143977,0.126582,0.13107,"206,224",6839850.00
NEO,2017-01-04,0.140294,0.142834,0.134433,0.136734,"94,045",7014700.00
NEO,2017-01-03,0.145645,0.147282,0.139653,0.140422,"90,544",7282250.00
NEO,2017-01-02,0.141841,0.147746,0.141841,0.145642,"75,921",7092050.00
NEO,2017-01-01,0.144763,0.147274,0.139742,0.141841,"63,512",7238150.00
NEO,2016-12-31,0.147526,0.148837,0.142705,0.144763,"61,000",7376300.00
NEO,2016-12-30,0.143599,0.14807,0.136893,0.147527,"69,464",7179950.00
NEO,2016-12-29,0.150688,0.151915,0.140106,0.14095,"100,992",7534400.00
NEO,2016-12-28,0.158032,0.162041,0.14599,0.150689,"118,030",7901600.00
NEO,2016-12-27,0.1666,0.177395,0.153932,0.158032,"265,268",8330000.00
NEO,2016-12-26,0.146785,0.182563,0.141148,0.166597,"579,250",7339250.00
NEO,2016-12-25,0.144213,0.153788,0.141296,0.146788,"239,670",7210650.00
NEO,2016-12-24,0.139545,0.151804,0.136822,0.146916,"132,934",6977250.00
NEO,2016-12-23,0.155059,0.157925,0.131227,0.137593,"187,645",7752950.00
NEO,2016-12-22,0.166441,0.184986,0.147481,0.155065,"544,880",8322050.00
NEO,2016-12-21,0.120868,0.168983,0.118599,0.167117,"635,204",6043400.00
NEO,2016-12-20,0.121536,0.124127,0.115108,0.120868,"73,913",6076800.00
NEO,2016-12-19,0.11526,0.121812,0.106848,0.121387,"55,326",5763000.00
NEO,2016-12-18,0.105842,0.117273,0.101063,0.11526,"37,746",5292100.00
NEO,2016-12-17,0.114445,0.115568,0.10174,0.105842,"62,650",5722250.00
NEO,2016-12-16,0.109869,0.118707,0.109327,0.114432,"49,515",5493450.00
NEO,2016-12-15,0.121012,0.123902,0.109819,0.109837,"38,086",6050600.00
NEO,2016-12-14,0.12793,0.12793,0.120364,0.121008,"50,948",6396500.00
NEO,2016-12-13,0.133035,0.136888,0.125618,0.127959,"30,845",6651750.00
NEO,2016-12-12,0.122082,0.140238,0.122082,0.129977,"57,019",6104100.00
NEO,2016-12-11,0.125352,0.128221,0.12073,0.122134,"41,967",6267600.00
NEO,2016-12-10,0.130952,0.132206,0.12477,0.125328,"37,027",6547600.00
NEO,2016-12-09,0.134409,0.136923,0.129699,0.13007,"54,783",6720450.00
NEO,2016-12-08,0.137448,0.138971,0.134429,0.134429,"31,065",6872400.00
NEO,2016-12-07,0.136196,0.142794,0.134726,0.13745,"51,152",6809800.00
NEO,2016-12-06,0.13896,0.14181,0.135703,0.136097,"54,376",6948000.00
NEO,2016-12-05,0.14727,0.14727,0.138194,0.141459,"71,656",7363500.00
NEO,2016-12-04,0.142444,0.157052,0.142444,0.14717,"109,462",7122200.00
NEO,2016-12-03,0.141987,0.144054,0.136455,0.142444,"121,437",7099350.00
NEO,2016-12-02,0.140119,0.145737,0.138452,0.141991,"69,742",7005950.00
NEO,2016-12-01,0.144522,0.144846,0.138559,0.140114,"62,769",7226100.00
NEO,2016-11-30,0.149963,0.150848,0.140499,0.144636,"63,418",7498150.00
NEO,2016-11-29,0.167861,0.167909,0.141612,0.149953,"121,979",8393050.00
NEO,2016-11-28,0.173073,0.175046,0.166608,0.167994,"92,873",8653650.00
NEO,2016-11-27,0.174134,0.179557,0.173007,0.17305,"34,618",8706700.00
NEO,2016-11-26,0.174608,0.185637,0.173892,0.174141,"53,456",8730400.00
NEO,2016-11-25,0.171903,0.191663,0.171885,0.174514,"148,809",8595150.00
NEO,2016-11-24,0.167006,0.186579,0.165703,0.171955,"252,878",8350300.00
NEO,2016-11-23,0.168883,0.172495,0.16694,0.167085,"18,866",8444150.00
NEO,2016-11-22,0.173474,0.17422,0.167397,0.168892,"30,457",8673700.00
NEO,2016-11-21,0.171,0.174966,0.169408,0.173476,"13,977",8550000.00
NEO,2016-11-20,0.169929,0.171309,0.161549,0.170999,"6,888",8496450.00
NEO,2016-11-19,0.172135,0.17649,0.168427,0.169928,"20,977",8606750.00
NEO,2016-11-18,0.173267,0.196769,0.16942,0.172177,"170,258",8663350.00
NEO,2016-11-17,0.162654,0.177109,0.16256,0.17328,"115,600",8132700.00
NEO,2016-11-16,0.173875,0.177754,0.153992,0.162529,"52,767",8693750.00
NEO,2016-11-15,0.183863,0.183864,0.172835,0.173875,"58,217",9193150.00
NEO,2016-11-14,0.170347,0.196291,0.168508,0.183786,"161,342",8517350.00
NEO,2016-11-13,0.168699,0.172853,0.163703,0.169917,"47,661",8434950.00
NEO,2016-11-12,0.172603,0.179612,0.166288,0.168695,"38,920",8630150.00
NEO,2016-11-11,0.168293,0.181036,0.165815,0.176226,"92,296",8414650.00
NEO,2016-11-10,0.159342,0.179854,0.154536,0.168272,"226,859",7967100.00
NEO,2016-11-09,0.161599,0.166946,0.156541,0.159859,"51,101",8079950.00
NEO,2016-11-08,0.173073,0.173376,0.160523,0.161594,"64,487",8653650.00
NEO,2016-11-07,0.163957,0.174019,0.143322,0.173087,"264,007",8197850.00
NEO,2016-11-06,0.1608,0.16817,0.15675,0.164002,"52,679",8040000.00
NEO,2016-11-05,0.175934,0.181375,0.156657,0.160797,"165,265",8796700.00
NEO,2016-11-04,0.173574,0.183584,0.168351,0.175917,"123,337",8678700.00
NEO,2016-11-03,0.197962,0.19817,0.155788,0.173534,"265,799",9898100.00
NEO,2016-11-02,0.214646,0.219169,0.191732,0.197941,"242,163",10732300.00
NEO,2016-11-01,0.228232,0.239149,0.204285,0.211322,"411,699",11411600.00
NEO,2016-10-31,0.18161,0.229291,0.177568,0.228251,"917,488",9080500.00
NEO,2016-10-30,0.172946,0.18382,0.170264,0.181026,"377,793",8647300.00
NEO,2016-10-29,0.151237,0.176248,0.151237,0.170166,"714,101",7561850.00
NEO,2016-10-28,0.127447,0.159842,0.12378,0.151552,"545,958",6372350.00
NEO,2016-10-27,0.129608,0.140409,0.124055,0.127426,"169,528",6480400.00
NEO,2016-10-26,0.1357,0.16963,0.121312,0.129615,"494,772",6785000.00
NEO,2016-10-25,0.093621,0.322439,0.092699,0.135712,"365,986",-
NEO,2016-10-24,0.081,0.100103,0.076476,0.093762,"522,611",-
NEO,2016-10-23,0.081487,0.085211,0.076681,0.082726,"107,073",-
NEO,2016-10-22,0.080197,0.096001,0.080013,0.081484,"293,121",-
NEO,2016-10-21,0.092487,0.093918,0.072287,0.080181,"269,793",-
NEO,2016-10-20,0.117083,0.117172,0.085342,0.092682,"286,750",-
NEO,2016-10-19,0.197446,0.205554,0.111325,0.117084,"228,476",-
NEO,2016-10-18,0.192736,0.289527,0.179325,0.19744,"406,917",-
NEO,2016-10-17,0.175871,0.192747,0.175284,0.192747,"12,989",-
NEO,2016-10-16,0.179883,0.19069,0.175885,0.175901,"16,019",-
NEO,2016-10-15,0.191007,0.191007,0.179885,0.179885,596,-
NEO,2016-10-14,0.1854,0.19109,0.176211,0.191014,"2,335",-
NEO,2016-10-13,0.186072,0.186072,0.175498,0.185407,"1,318",-
NEO,2016-10-12,0.193611,0.193611,0.175684,0.186052,"12,201",-
NEO,2016-10-11,0.193114,0.195352,0.181615,0.193575,"5,949",-
NEO,2016-10-10,0.186466,0.202517,0.180081,0.193108,"11,204",-
NEO,2016-10-09,0.205045,0.205045,0.178857,0.186541,"30,052",-
NEO,2016-10-08,0.202812,0.223037,0.185864,0.205229,"31,830",-
NEO,2016-10-07,0.179898,0.20284,0.179898,0.20284,"5,785",-
NEO,2016-10-06,0.289361,0.291334,0.180059,0.180059,"2,612",-
NEO,2016-10-05,0.185765,0.289548,0.179917,0.289392,"1,864",-
NEO,2016-10-04,0.178659,0.185843,0.178659,0.185843,506,-
NEO,2016-10-03,0.177613,0.192425,0.177613,0.178713,913,-
NEO,2016-10-02,0.202302,0.202303,0.177092,0.177279,"4,178",-
NEO,2016-10-01,0.184979,0.216455,0.184979,0.202293,"2,748",-
NEO,2016-09-30,0.191685,0.194601,0.180176,0.184939,"2,032",-
NEO,2016-09-29,0.194845,0.208155,0.175516,0.191738,"11,050",-
NEO,2016-09-28,0.197915,0.21275,0.184495,0.194798,"6,354",-
NEO,2016-09-27,0.202473,0.202473,0.179976,0.197913,"19,806",-
NEO,2016-09-26,0.199118,0.224506,0.193879,0.202491,"9,657",-
NEO,2016-09-25,0.213843,0.224547,0.192797,0.198994,"3,075",-
NEO,2016-09-24,0.243321,0.25485,0.213843,0.213843,"21,740",-
NEO,2016-09-23,0.252745,0.277371,0.241462,0.243237,"16,845",-
NEO,2016-09-22,0.303806,0.308768,0.252592,0.252723,"54,002",-
NEO,2016-09-21,0.312539,0.318675,0.303564,0.303794,156,-
NEO,2016-09-20,0.331291,0.336507,0.309502,0.312621,"1,171",-
NEO,2016-09-19,0.384877,0.384881,0.331207,0.331296,"1,448",-
NEO,2016-09-18,0.426591,0.427137,0.384916,0.384916,"105,159",-
NEO,2016-09-17,0.388924,0.427314,0.388896,0.426568,"21,060",-
NEO,2016-09-16,0.349726,0.389464,0.348948,0.388858,"15,105",-
NEO,2016-09-15,0.325188,0.365124,0.325024,0.349832,"1,982",-
NEO,2016-09-14,0.309516,0.337779,0.306223,0.325127,"4,129",-
NEO,2016-09-13,0.374469,0.375092,0.301766,0.309509,"3,337",-
NEO,2016-09-12,0.376312,0.376671,0.360443,0.374598,"1,116",-
NEO,2016-09-11,0.390948,0.398459,0.37279,0.37615,879,-
NEO,2016-09-10,0.558536,0.559143,0.37096,0.391001,811,-
NEO,2016-09-09,0.181483,0.558951,0.181357,0.558478,"1,349",-